{"app":["/app-44f0ebb78d6e719b1172.js"],"component---src-templates-product-listing-js":["/component---src-templates-product-listing-js-ba4b97a028adc4abe99f.js"],"component---src-templates-page-js":["/component---src-templates-page-js-1e4791a410e98b3268e8.js"],"component---src-templates-product-single-js":["/component---src-templates-product-single-js-ae43675b77c9433e021a.js"],"component---src-templates-posts-listing-js":["/component---src-templates-posts-listing-js-5b2978527335525e75f8.js"],"component---src-templates-posts-single-js":["/component---src-templates-posts-single-js-3345bbebc162a43193e0.js"],"component---src-pages-404-js":["/component---src-pages-404-js-c61cc64c9227a7f61300.js"]}