{"errors":[],"warnings":["./src/components/SEO.js\nThere are multiple modules with names that only differ in casing.\nThis can lead to unexpected behavior when compiling on a filesystem with other case-semantic.\nUse equal casing. Compare these module identifiers:\n* /Applications/MAMP/htdocs/page-gatsbystartercms/gatsby-starter/node_modules/gatsby/dist/utils/babel-loader.js??ref--4-0!/Applications/MAMP/htdocs/page-gatsbystartercms/gatsby-starter/src/components/SEO.js\n    Used by 2 module(s), i. e.\n    /Applications/MAMP/htdocs/page-gatsbystartercms/gatsby-starter/node_modules/gatsby/dist/utils/babel-loader.js??ref--4-0!/Applications/MAMP/htdocs/page-gatsbystartercms/gatsby-starter/src/templates/product/listing.js\n* /Applications/MAMP/htdocs/page-gatsbystartercms/gatsby-starter/node_modules/gatsby/dist/utils/babel-loader.js??ref--4-0!/Applications/MAMP/htdocs/page-gatsbystartercms/gatsby-starter/src/components/seo.js\n    Used by 10 module(s), i. e.\n    /Applications/MAMP/htdocs/page-gatsbystartercms/gatsby-starter/node_modules/gatsby/dist/utils/babel-loader.js??ref--4-0!/Applications/MAMP/htdocs/page-gatsbystartercms/gatsby-starter/src/templates/Page.js"],"namedChunkGroups":{"app":{"chunks":[9,8,0,1],"assets":["webpack-runtime-8a3ea850f895c514c9c7.js","webpack-runtime-8a3ea850f895c514c9c7.js.map","styles.bc33684a8cf4bc81cbea.css","styles-a5ef46fec9c9cd43eff8.js","styles-a5ef46fec9c9cd43eff8.js.map","commons-181aa49ea92ef1309318.js","commons-181aa49ea92ef1309318.js.map","app-44f0ebb78d6e719b1172.js","app-44f0ebb78d6e719b1172.js.map"],"children":{},"childAssets":{}},"component---src-templates-product-listing-js":{"chunks":[0,6],"assets":["commons-181aa49ea92ef1309318.js","commons-181aa49ea92ef1309318.js.map","component---src-templates-product-listing-js-ba4b97a028adc4abe99f.js","component---src-templates-product-listing-js-ba4b97a028adc4abe99f.js.map"],"children":{},"childAssets":{}},"component---src-templates-page-js":{"chunks":[0,3],"assets":["commons-181aa49ea92ef1309318.js","commons-181aa49ea92ef1309318.js.map","component---src-templates-page-js-1e4791a410e98b3268e8.js","component---src-templates-page-js-1e4791a410e98b3268e8.js.map"],"children":{},"childAssets":{}},"component---src-templates-product-single-js":{"chunks":[0,7],"assets":["commons-181aa49ea92ef1309318.js","commons-181aa49ea92ef1309318.js.map","component---src-templates-product-single-js-ae43675b77c9433e021a.js","component---src-templates-product-single-js-ae43675b77c9433e021a.js.map"],"children":{},"childAssets":{}},"component---src-templates-posts-listing-js":{"chunks":[0,4],"assets":["commons-181aa49ea92ef1309318.js","commons-181aa49ea92ef1309318.js.map","component---src-templates-posts-listing-js-5b2978527335525e75f8.js","component---src-templates-posts-listing-js-5b2978527335525e75f8.js.map"],"children":{},"childAssets":{}},"component---src-templates-posts-single-js":{"chunks":[0,5],"assets":["commons-181aa49ea92ef1309318.js","commons-181aa49ea92ef1309318.js.map","component---src-templates-posts-single-js-3345bbebc162a43193e0.js","component---src-templates-posts-single-js-3345bbebc162a43193e0.js.map"],"children":{},"childAssets":{}},"component---src-pages-404-js":{"chunks":[0,2],"assets":["commons-181aa49ea92ef1309318.js","commons-181aa49ea92ef1309318.js.map","component---src-pages-404-js-c61cc64c9227a7f61300.js","component---src-pages-404-js-c61cc64c9227a7f61300.js.map"],"children":{},"childAssets":{}}},"assetsByChunkName":{"app":["webpack-runtime-8a3ea850f895c514c9c7.js","styles.bc33684a8cf4bc81cbea.css","styles-a5ef46fec9c9cd43eff8.js","commons-181aa49ea92ef1309318.js","app-44f0ebb78d6e719b1172.js"],"component---src-templates-product-listing-js":["commons-181aa49ea92ef1309318.js","component---src-templates-product-listing-js-ba4b97a028adc4abe99f.js"],"component---src-templates-page-js":["commons-181aa49ea92ef1309318.js","component---src-templates-page-js-1e4791a410e98b3268e8.js"],"component---src-templates-product-single-js":["commons-181aa49ea92ef1309318.js","component---src-templates-product-single-js-ae43675b77c9433e021a.js"],"component---src-templates-posts-listing-js":["commons-181aa49ea92ef1309318.js","component---src-templates-posts-listing-js-5b2978527335525e75f8.js"],"component---src-templates-posts-single-js":["commons-181aa49ea92ef1309318.js","component---src-templates-posts-single-js-3345bbebc162a43193e0.js"],"component---src-pages-404-js":["commons-181aa49ea92ef1309318.js","component---src-pages-404-js-c61cc64c9227a7f61300.js"]}}