{"data":{"allWordpressWpProducts":{"edges":[{"node":{"id":"16040ab8-bf45-5f71-8064-7f7ba97e7e19","title":"Tesla Model S","slug":"tesla-model-s","excerpt":"<p>This is the second product that I&#8217;m using for testing</p>\n","content":"\n<p>Gentrify yr raw denim, chicharrones cloud bread succulents chillwave food truck occupy bushwick chia etsy sustainable kale chips blog. Ennui gochujang vice typewriter tattooed. Squid green juice air plant skateboard palo santo, gentrify pinterest coloring book vaporware ramps you probably haven&#8217;t heard of them. Pop-up gentrify wolf vape tacos fashion axe shaman lyft hot chicken hella food truck brooklyn.</p>\n\n\n\n<p>Subway tile brunch blue bottle chicharrones listicle YOLO pop-up hell of yr single-origin coffee truffaut gentrify portland taiyaki offal. Health goth tousled paleo pickled pour-over lo-fi dreamcatcher kitsch kale chips keffiyeh farm-to-table stumptown godard yr brunch. Fanny pack stumptown echo park taxidermy everyday carry, knausgaard skateboard hell of franzen meh gochujang chillwave roof party. Poke affogato direct trade salvia migas. Truffaut lo-fi cornhole wayfarers ramps subway tile gastropub actually mlkshk artisan literally jean shorts.</p>\n\n\n\n<p>Distillery chartreuse taxidermy, tilde iceland blog roof party cardigan irony sustainable you probably haven&#8217;t heard of them unicorn cornhole. Chartreuse yr cray, live-edge heirloom actually fixie. Palo santo 3 wolf moon subway tile salvia umami cloud bread lo-fi artisan tilde waistcoat scenester williamsburg tacos. Lomo lyft hashtag tattooed.</p>\n\n\n\n<p>Pinterest street art locavore jean shorts ramps, gentrify fixie viral bespoke glossier sriracha affogato brunch messenger bag. Master cleanse waistcoat iPhone, vice cornhole VHS sriracha twee. Unicorn drinking vinegar jianbing everyday carry farm-to-table retro. Subway tile hot chicken brooklyn fanny pack mustache portland chillwave, messenger bag tumblr banh mi you probably haven&#8217;t heard of them schlitz pabst. Kombucha church-key vinyl, gochujang normcore pinterest kale chips salvia hella keffiyeh.</p>\n\n\n\n<p>Air plant gentrify pok pok hashtag distillery artisan crucifix. Swag kitsch glossier keffiyeh bitters, forage raclette. Whatever DIY subway tile quinoa lumbersexual beard edison bulb bicycle rights. Etsy raclette chillwave listicle vaporware vinyl live-edge tumblr celiac flexitarian sriracha.</p>\n\n\n\n<p>Lumbersexual tumeric kogi, letterpress listicle artisan chicharrones fixie yuccie. Mixtape offal YOLO, meggings green juice skateboard lyft beard. Polaroid butcher knausgaard, YOLO direct trade ennui post-ironic squid semiotics raclette authentic gastropub. Biodiesel seitan pour-over drinking vinegar, swag austin photo booth keytar cold-pressed fixie whatever enamel pin put a bird on it hashtag woke. Craft beer neutra pinterest, prism cornhole hot chicken iPhone tattooed bicycle rights single-origin coffee.</p>\n\n\n\n<p>Forage cloud bread shaman, vaporware meditation locavore quinoa umami gochujang disrupt. YOLO live-edge cray tumeric, copper mug 3 wolf moon polaroid photo booth pinterest cliche austin street art mixtape. Bespoke marfa banjo before they sold out 90&#8217;s, tacos semiotics echo park pug narwhal. Meditation tote bag kickstarter franzen tacos art party. Selvage bespoke flannel, trust fund unicorn twee fingerstache 90&#8217;s thundercats.</p>\n\n\n\n<p>Synth tote bag direct trade literally hella copper mug food truck photo booth pour-over blue bottle XOXO keytar cronut. Polaroid kinfolk cornhole kale chips cray VHS ennui wolf disrupt keytar kogi air plant poke intelligentsia kickstarter. Lo-fi trust fund meh you probably haven&#8217;t heard of them truffaut plaid, kinfolk kitsch pork belly cornhole jianbing. Wolf cronut biodiesel gentrify before they sold out food truck. 8-bit tacos enamel pin, typewriter put a bird on it lumbersexual cray 90&#8217;s church-key tbh woke. Sriracha gentrify roof party next level pork belly la croix aesthetic edison bulb lyft hell of paleo authentic vaporware butcher celiac.</p>\n\n\n\n<p>DIY tbh try-hard ramps, coloring book leggings tote bag dreamcatcher succulents. Bushwick subway tile taiyaki twee craft beer heirloom pabst. Cliche craft beer 8-bit tilde. Skateboard typewriter deep v chia man bun messenger bag hexagon master cleanse everyday carry. Health goth microdosing ennui, kogi edison bulb yr sartorial pour-over street art XOXO dreamcatcher woke hot chicken tbh snackwave.</p>\n\n\n\n<p>Cred photo booth poutine, skateboard craft beer celiac twee beard. Dreamcatcher viral salvia direct trade palo santo tattooed. Live-edge heirloom brooklyn quinoa, mumblecore cornhole austin. Mixtape taiyaki humblebrag, coloring book vape sriracha raw denim salvia chicharrones wayfarers everyday carry etsy hashtag la croix seitan. Typewriter meditation sustainable, butcher mustache farm-to-table food truck waistcoat selfies tumeric ethical kombucha jianbing vegan hashtag. Hell of live-edge quinoa mlkshk forage PBR&amp;B affogato artisan migas cornhole pour-over.</p>\n\n\n\n<p>Oh. You need a little dummy text for your mockup? How quaint.</p>\n\n\n\n<p>I bet you’re still using Bootstrap too…</p>\n","featured_media":{"source_url":"http://localhost/page-gatsbystartercms/wp-content/uploads/2020/01/tesla-model-3.png","alt_text":"Tesla"},"acf":{"price":"10000"}}},{"node":{"id":"b844b7cf-32aa-560d-8247-76e16ed21a09","title":"iPhone X","slug":"product-1","excerpt":"<p>This is the first product that we are testing</p>\n","content":"\n<p>Gentrify yr raw denim, chicharrones cloud bread succulents chillwave food truck occupy bushwick chia etsy sustainable kale chips blog. Ennui gochujang vice typewriter tattooed. Squid green juice air plant skateboard palo santo, gentrify pinterest coloring book vaporware ramps you probably haven&#8217;t heard of them. Pop-up gentrify wolf vape tacos fashion axe shaman lyft hot chicken hella food truck brooklyn.</p>\n\n\n\n<p>Subway tile brunch blue bottle chicharrones listicle YOLO pop-up hell of yr single-origin coffee truffaut gentrify portland taiyaki offal. Health goth tousled paleo pickled pour-over lo-fi dreamcatcher kitsch kale chips keffiyeh farm-to-table stumptown godard yr brunch. Fanny pack stumptown echo park taxidermy everyday carry, knausgaard skateboard hell of franzen meh gochujang chillwave roof party. Poke affogato direct trade salvia migas. Truffaut lo-fi cornhole wayfarers ramps subway tile gastropub actually mlkshk artisan literally jean shorts.</p>\n\n\n\n<p>Distillery chartreuse taxidermy, tilde iceland blog roof party cardigan irony sustainable you probably haven&#8217;t heard of them unicorn cornhole. Chartreuse yr cray, live-edge heirloom actually fixie. Palo santo 3 wolf moon subway tile salvia umami cloud bread lo-fi artisan tilde waistcoat scenester williamsburg tacos. Lomo lyft hashtag tattooed.</p>\n\n\n\n<p>Pinterest street art locavore jean shorts ramps, gentrify fixie viral bespoke glossier sriracha affogato brunch messenger bag. Master cleanse waistcoat iPhone, vice cornhole VHS sriracha twee. Unicorn drinking vinegar jianbing everyday carry farm-to-table retro. Subway tile hot chicken brooklyn fanny pack mustache portland chillwave, messenger bag tumblr banh mi you probably haven&#8217;t heard of them schlitz pabst. Kombucha church-key vinyl, gochujang normcore pinterest kale chips salvia hella keffiyeh.</p>\n\n\n\n<p>Air plant gentrify pok pok hashtag distillery artisan crucifix. Swag kitsch glossier keffiyeh bitters, forage raclette. Whatever DIY subway tile quinoa lumbersexual beard edison bulb bicycle rights. Etsy raclette chillwave listicle vaporware vinyl live-edge tumblr celiac flexitarian sriracha.</p>\n\n\n\n<p>Lumbersexual tumeric kogi, letterpress listicle artisan chicharrones fixie yuccie. Mixtape offal YOLO, meggings green juice skateboard lyft beard. Polaroid butcher knausgaard, YOLO direct trade ennui post-ironic squid semiotics raclette authentic gastropub. Biodiesel seitan pour-over drinking vinegar, swag austin photo booth keytar cold-pressed fixie whatever enamel pin put a bird on it hashtag woke. Craft beer neutra pinterest, prism cornhole hot chicken iPhone tattooed bicycle rights single-origin coffee.</p>\n\n\n\n<p>Forage cloud bread shaman, vaporware meditation locavore quinoa umami gochujang disrupt. YOLO live-edge cray tumeric, copper mug 3 wolf moon polaroid photo booth pinterest cliche austin street art mixtape. Bespoke marfa banjo before they sold out 90&#8217;s, tacos semiotics echo park pug narwhal. Meditation tote bag kickstarter franzen tacos art party. Selvage bespoke flannel, trust fund unicorn twee fingerstache 90&#8217;s thundercats.</p>\n\n\n\n<p>Synth tote bag direct trade literally hella copper mug food truck photo booth pour-over blue bottle XOXO keytar cronut. Polaroid kinfolk cornhole kale chips cray VHS ennui wolf disrupt keytar kogi air plant poke intelligentsia kickstarter. Lo-fi trust fund meh you probably haven&#8217;t heard of them truffaut plaid, kinfolk kitsch pork belly cornhole jianbing. Wolf cronut biodiesel gentrify before they sold out food truck. 8-bit tacos enamel pin, typewriter put a bird on it lumbersexual cray 90&#8217;s church-key tbh woke. Sriracha gentrify roof party next level pork belly la croix aesthetic edison bulb lyft hell of paleo authentic vaporware butcher celiac.</p>\n\n\n\n<p>DIY tbh try-hard ramps, coloring book leggings tote bag dreamcatcher succulents. Bushwick subway tile taiyaki twee craft beer heirloom pabst. Cliche craft beer 8-bit tilde. Skateboard typewriter deep v chia man bun messenger bag hexagon master cleanse everyday carry. Health goth microdosing ennui, kogi edison bulb yr sartorial pour-over street art XOXO dreamcatcher woke hot chicken tbh snackwave.</p>\n\n\n\n<p>Cred photo booth poutine, skateboard craft beer celiac twee beard. Dreamcatcher viral salvia direct trade palo santo tattooed. Live-edge heirloom brooklyn quinoa, mumblecore cornhole austin. Mixtape taiyaki humblebrag, coloring book vape sriracha raw denim salvia chicharrones wayfarers everyday carry etsy hashtag la croix seitan. Typewriter meditation sustainable, butcher mustache farm-to-table food truck waistcoat selfies tumeric ethical kombucha jianbing vegan hashtag. Hell of live-edge quinoa mlkshk forage PBR&amp;B affogato artisan migas cornhole pour-over.</p>\n\n\n\n<p>Oh. You need a little dummy text for your mockup? How quaint.</p>\n\n\n\n<p>I bet you’re still using Bootstrap too…</p>\n","featured_media":{"source_url":"http://localhost/page-gatsbystartercms/wp-content/uploads/2020/01/iphone8-select-2019-family.jpeg","alt_text":""},"acf":{"price":"1000"}}}]}}}