{"data":{"site":{"siteMetadata":{"defaultTitle":"Gatsby Default Starter","defaultDescription":"Kick off your next, great Gatsby project with this default starter. This barebones starter ships with the main Gatsby configuration files you might need."}},"allWordpressWpFavicon":{"edges":[{"node":{"url":{"source_url":"http://localhost/page-gatsbystartercms/wp-content/uploads/2020/01/cropped-android-chrome-192x192-1.png"}}}]},"allWordpressWpLogo":{"edges":[{"node":{"url":{"source_url":"http://localhost/page-gatsbystartercms/wp-content/uploads/2020/01/flame-logo-png-30.png","alt_text":""}}}]}}}