{"data":{"allWordpressWpProducts":{"edges":[{"node":{"id":"16040ab8-bf45-5f71-8064-7f7ba97e7e19","title":"Tesla Model S","slug":"tesla-model-s","excerpt":"<p>This is the second product that I&#8217;m using for testing</p>\n","featured_media":{"source_url":"http://localhost/page-gatsbystartercms/wp-content/uploads/2020/01/tesla-model-3.png","alt_text":"Tesla"},"acf":{"price":"10000"}}},{"node":{"id":"b844b7cf-32aa-560d-8247-76e16ed21a09","title":"iPhone X","slug":"product-1","excerpt":"<p>This is the first product that we are testing</p>\n","featured_media":{"source_url":"http://localhost/page-gatsbystartercms/wp-content/uploads/2020/01/iphone8-select-2019-family.jpeg","alt_text":""},"acf":{"price":"1000"}}}]}}}